{
  "player_id": "12345",
  "player_name": "TestPlayer",
  "assigned_clan": "Uchiha",
  "clan_rarity": "Legendary",
  "personality": "Strategist",
  "token_boost_clan": "Uchiha",
  "token_count": 2,
  "final_weights": {
    "Uchiha": 6.388888888888888,
    "Sekkan": 2.222222222222222,
    "Shinkan": 2.222222222222222,
    "Yuki": 2.604166666666667,
    "Kurama": 2.604166666666667,
    "Senju": 2.604166666666667,
    "Raiketsu": 2.604166666666667,
    "Terumi": 3.3333333333333335,
    "Soragane": 3.3333333333333335,
    "Hyuga": 3.3333333333333335,
    "Enraiko": 3.3333333333333335,
    "Hozuki": 3.3333333333333335,
    "Aburame": 4.583333333333333,
    "Nara": 8.75,
    "Yamanaka": 8.75,
    "Yotsuki": 4.583333333333333,
    "Kozame": 4.583333333333333,
    "Inuzuka": 6.166666666666667,
    "Akimichi": 6.166666666666667,
    "Kamizuru": 6.166666666666667,
    "Enyo": 6.166666666666667,
    "Gansho": 6.166666666666667
  },
  "timestamp": 1743305423
}