{
  "player_id": "123456789",
  "player_name": "TestPlayer",
  "assigned_clan": "Inuzuka",
  "clan_rarity": "Common",
  "personality": null,
  "token_boost_clan": null,
  "token_count": 0,
  "final_weights": {
    "Uchiha": 2.5396825396825395,
    "Sekkan": 2.5396825396825395,
    "Shinkan": 2.5396825396825395,
    "Yuki": 2.976190476190476,
    "Kurama": 2.976190476190476,
    "Senju": 2.976190476190476,
    "Raiketsu": 2.976190476190476,
    "Terumi": 3.8095238095238098,
    "Soragane": 3.8095238095238098,
    "Hyuga": 3.8095238095238098,
    "Enraiko": 3.8095238095238098,
    "Hozuki": 3.8095238095238098,
    "Aburame": 5.238095238095238,
    "Nara": 5.238095238095238,
    "Yamanaka": 5.238095238095238,
    "Yotsuki": 5.238095238095238,
    "Kozame": 5.238095238095238,
    "Inuzuka": 7.047619047619048,
    "Akimichi": 7.047619047619048,
    "Kamizuru": 7.047619047619048,
    "Enyo": 7.047619047619048,
    "Gansho": 7.047619047619048
  },
  "timestamp": 1743305326
}